Password,FirstName,LastName,Email,Balance,UserType,LoanPeriodDays,Status,CreatedAt,CreatedBy,UpdatedAt,UpdatedBy
Pass2876!,James,Smith,james.smith@gmail.com,0.0,2,14,1,2026-01-20 09:13:07,1,2026-02-16 14:17:09,34
Pass7043!,Brenda,Gomez,brenda.gomez@icloud.com,0.0,2,30,1,2026-01-20 09:14:07,1,2026-02-22 13:06:53,34
Pass7548!,Kevin,Nelson,kevin.nelson@rice.edu,17.07,0,14,1,2026-01-20 12:23:27,3,2026-02-10 14:42:54,72
Pass9779!,Gregory,Hughes,gregory.hughes@yahoo.com,0.0,2,30,1,2026-01-21 09:35:12,72,2026-01-22 14:39:48,34
Pass8007!,Dorothy,King,dorothy.king@student.tamu.edu,0.0,2,30,1,2026-01-22 12:14:08,1,2026-01-27 16:35:45,25
Pass6502!,Jacob,Nguyen,jacob.nguyen@icloud.com,0.0,2,30,1,2026-01-24 10:37:27,72,2026-02-09 14:10:38,72
Pass5334!,Jerry,Jenkins,jerry.jenkins@hotmail.com,0.0,2,30,1,2026-01-24 13:51:55,61,2026-02-02 12:47:05,25
Pass8939!,Cynthia,Morris,cynthia.morris@rice.edu,0.0,0,14,1,2026-01-25 09:15:12,1,2026-01-28 11:30:42,72
Pass7868!,Matthew,Harris,matthew.harris@yahoo.com,0.0,2,30,1,2026-01-25 10:01:47,1,2026-02-28 09:47:20,1
Pass8461!,Rebecca,Torres,rebecca.torres@yahoo.com,0.0,2,30,1,2026-01-25 10:43:47,87,2026-02-07 09:13:53,25
Pass8253!,Jack,Powell,jack.powell@student.tamu.edu,0.0,0,14,1,2026-01-25 14:47:30,25,2026-03-07 11:31:02,87
Pass4929!,Dennis,Russell,dennis.russell@outlook.com,0.0,2,30,1,2026-01-25 15:14:28,87,2026-02-10 14:39:44,25
Pass4910!,Betty,Sanchez,betty.sanchez@protonmail.com,0.0,0,14,1,2026-01-26 16:32:58,13,2026-01-30 10:54:11,72
Pass2528!,Sarah,Moore,sarah.moore@gmail.com,23.18,0,14,1,2026-01-29 09:14:04,14,2026-02-02 12:17:42,54
Pass5397!,Brandon,Wood,brandon.wood@houstonisd.org,0.0,0,14,1,2026-01-29 11:00:26,15,2026-02-16 09:14:18,61
Pass1936!,Lisa,Perez,lisa.perez@protonmail.com,0.0,1,30,1,2026-01-29 16:51:55,16,2026-02-02 09:05:59,34
Pass1534!,Maria,Ortiz,maria.ortiz@icloud.com,5.98,0,14,1,2026-01-30 14:54:43,17,2026-02-19 16:55:34,1
Pass9922!,Heather,Gutierrez,heather.gutierrez@yahoo.com,0.0,1,30,1,2026-02-01 10:28:10,18,2026-02-03 09:18:22,99
Pass4111!,Christopher,Lee,christopher.lee@outlook.com,7.59,1,30,1,2026-02-02 12:12:12,19,2026-02-08 11:17:29,34
Pass9004!,Ashley,Young,ashley.young@rice.edu,6.47,1,30,1,2026-02-03 10:47:35,20,2026-02-22 12:45:21,34
Pass9423!,Elizabeth,Lopez,elizabeth.lopez@yahoo.com,0.0,0,14,1,2026-02-03 13:27:10,21,2026-03-21 13:32:48,87
Pass3939!,Frank,Myers,frank.myers@protonmail.com,7.73,0,14,1,2026-02-04 09:40:38,22,2026-02-21 09:35:26,72
Pass2869!,Carolyn,Sanders,carolyn.sanders@student.tamu.edu,0.0,0,14,1,2026-02-06 10:17:49,23,2026-03-28 13:52:00,61
Pass8251!,Laura,Stewart,laura.stewart@protonmail.com,15.41,1,30,1,2026-02-06 16:11:03,61,2026-02-12 16:20:21,25
Pass2129!,Emma,Cox,emma.cox@protonmail.com,0.0,0,14,1,2026-02-08 11:51:36,25,2026-02-11 15:38:38,34
Pass4505!,Kathleen,Murphy,kathleen.murphy@outlook.com,0.0,0,14,1,2026-02-09 13:06:37,26,2026-03-05 15:45:12,72
Pass6310!,Robert,Jones,robert.jones@houstonisd.org,0.0,1,30,1,2026-02-09 14:22:13,27,2026-02-13 11:34:46,34
Pass4946!,Jennifer,Garcia,jennifer.garcia@gmail.com,21.98,1,30,1,2026-02-09 16:24:17,28,2026-03-01 09:14:52,1
Pass9320!,Daniel,Thompson,daniel.thompson@gmail.com,0.0,0,14,1,2026-02-10 15:31:30,29,2026-02-13 11:24:00,25
Pass8478!,Jeffrey,Edwards,jeffrey.edwards@yahoo.com,0.0,0,14,1,2026-02-10 16:58:08,97,2026-03-07 09:05:41,25
Pass6139!,Brian,Hall,brian.hall@protonmail.com,11.05,0,14,1,2026-02-11 13:25:35,1,2026-02-17 15:50:37,99
Pass4878!,Emily,Nguyen,emily.nguyen@outlook.com,21.65,0,14,1,2026-02-11 14:50:59,32,2026-03-30 12:17:10,72
Pass7570!,Charles,Jackson,charles.jackson@hotmail.com,0.0,1,30,1,2026-02-16 11:46:59,54,2026-03-18 15:12:06,72
Pass2771!,Donna,Flores,donna.flores@outlook.com,0.0,0,14,1,2026-02-17 09:42:12,34,2026-02-19 13:22:41,97
Pass5786!,Rachel,Long,rachel.long@rice.edu,0.0,0,14,1,2026-02-17 10:29:07,35,2026-04-03 13:32:45,61
Pass6325!,Benjamin,Brooks,benjamin.brooks@student.tamu.edu,0.0,0,14,1,2026-02-17 11:58:17,36,2026-02-18 13:38:47,61
Pass4258!,Patricia,Brown,patricia.brown@houstonisd.org,4.03,0,14,1,2026-02-18 13:05:54,37,2026-02-26 16:40:53,99
Pass5920!,Melissa,Mitchell,melissa.mitchell@yahoo.com,0.0,0,14,1,2026-02-20 16:39:54,38,2026-03-12 12:45:44,25
Pass1117!,David,Hernandez,david.hernandez@hotmail.com,0.0,0,14,1,2026-02-21 09:43:46,72,2026-03-27 13:49:41,99
Pass1722!,Steven,Allen,steven.allen@icloud.com,0.34,0,14,1,2026-02-22 16:16:57,40,2026-03-21 13:02:00,99
Pass2964!,Nancy,White,nancy.white@edu.uh.edu,0.0,0,14,1,2026-02-22 16:18:27,41,2026-03-25 11:12:18,34
Pass3496!,Stephen,Bell,stephen.bell@gmail.com,0.0,0,14,1,2026-02-23 13:16:14,72,2026-02-26 11:12:13,54
Pass7211!,Shirley,Cooper,shirley.cooper@icloud.com,0.0,0,14,1,2026-02-24 13:35:00,43,2026-02-25 15:31:35,34
Pass8777!,Ryan,Flores,ryan.flores@outlook.com,11.39,0,14,1,2026-02-24 15:16:53,44,2026-02-26 09:22:14,72
Pass9445!,Stephanie,Phillips,stephanie.phillips@icloud.com,0.0,0,14,1,2026-02-24 16:40:15,45,2026-03-01 13:15:17,99
Pass2771!,Larry,Kelly,larry.kelly@icloud.com,14.57,1,30,1,2026-02-26 12:23:11,46,2026-04-01 11:17:02,1
Pass3925!,Carol,Baker,carol.baker@icloud.com,14.62,0,14,1,2026-02-27 13:42:26,99,2026-03-17 11:12:26,25
Pass3584!,Mark,Lewis,mark.lewis@icloud.com,0.0,1,30,1,2026-02-27 16:20:59,48,2026-03-18 10:04:34,34
Pass3485!,Patrick,Ross,patrick.ross@gmail.com,0.0,1,30,1,2026-02-27 16:55:09,49,2026-03-21 14:35:48,97
Pass6050!,Kimberly,Scott,kimberly.scott@gmail.com,9.28,0,14,0,2026-02-28 14:57:59,50,2026-03-10 12:42:06,99
Pass4680!,Edward,Evans,edward.evans@icloud.com,0.0,0,14,1,2026-03-01 10:08:09,34,2026-03-10 12:04:26,25
Pass9727!,Michael,Miller,michael.miller@yahoo.com,0.0,1,30,1,2026-03-01 15:17:04,52,2026-04-15 14:13:41,54
Pass3704!,Angela,Morgan,angela.morgan@edu.uh.edu,21.05,1,30,0,2026-03-02 12:53:59,53,2026-03-30 12:48:29,25
Pass1444!,Eric,Peterson,eric.peterson@edu.uh.edu,0.0,0,14,1,2026-03-04 09:31:54,54,2026-03-17 14:51:16,99
Pass5808!,Mary,Johnson,mary.johnson@yahoo.com,0.0,0,14,0,2026-03-04 10:05:24,55,2026-03-26 13:51:02,54
Pass2983!,Justin,Ward,justin.ward@houstonisd.org,0.0,1,30,1,2026-03-04 11:03:16,56,2026-03-08 15:31:04,1
Pass6378!,Michelle,Adams,michelle.adams@edu.uh.edu,0.0,0,14,1,2026-03-05 14:27:38,57,2026-03-23 12:16:02,25
Pass8814!,Amy,Cook,amy.cook@edu.uh.edu,0.0,1,30,1,2026-03-08 10:32:41,99,2026-04-03 16:06:27,99
Pass6442!,Joshua,Hill,joshua.hill@outlook.com,0.0,1,30,1,2026-03-09 09:54:30,59,2026-04-07 14:19:52,34
Pass7818!,Janet,Morales,janet.morales@rice.edu,15.26,0,14,1,2026-03-09 16:59:20,60,2026-04-02 12:54:49,25
Pass7547!,Jason,Parker,jason.parker@student.tamu.edu,0.0,0,14,1,2026-03-10 09:54:56,25,2026-03-11 13:48:24,25
Pass9645!,Linda,Davis,linda.davis@icloud.com,0.0,0,14,1,2026-03-11 16:09:16,87,2026-04-15 13:47:37,25
Pass6000!,Kenneth,Green,kenneth.green@protonmail.com,20.56,1,30,1,2026-03-12 14:01:07,63,2026-03-28 09:06:38,25
Pass7046!,Raymond,Reyes,raymond.reyes@houstonisd.org,0.0,0,14,1,2026-03-13 14:20:42,64,2026-03-26 16:18:42,25
Pass5658!,Alexander,Foster,alexander.foster@gmail.com,0.0,0,14,1,2026-03-14 16:30:15,65,2026-03-20 12:58:38,97
Pass5673!,Karen,Martin,karen.martin@student.tamu.edu,10.72,0,14,0,2026-03-16 14:27:26,66,2026-04-05 10:03:25,99
Pass9004!,Samuel,Gray,samuel.gray@edu.uh.edu,0.0,0,14,1,2026-03-16 14:38:16,1,2026-03-16 15:06:16,87
Pass5526!,Samantha,Bennett,samantha.bennett@houstonisd.org,0.0,0,14,1,2026-03-17 10:29:44,61,2026-04-02 16:28:05,1
Pass8260!,Thomas,Taylor,thomas.taylor@yahoo.com,20.25,0,14,1,2026-03-17 16:07:15,34,2026-03-17 16:28:15,1
Pass4995!,Helen,Watson,helen.watson@student.tamu.edu,0.0,0,14,1,2026-03-19 10:43:14,61,2026-04-09 12:27:07,97
Pass4613!,Nicholas,Rogers,nicholas.rogers@rice.edu,0.0,1,30,1,2026-03-19 11:27:11,71,2026-04-05 16:29:27,61
Pass9977!,Deborah,Roberts,deborah.roberts@edu.uh.edu,0.0,0,14,1,2026-03-20 09:35:15,72,2026-03-27 14:48:57,54
Pass1727!,Amanda,Rivera,amanda.rivera@icloud.com,0.0,0,14,1,2026-03-20 16:28:43,34,2026-04-14 11:42:05,61
Pass5133!,Jonathan,Reed,jonathan.reed@edu.uh.edu,0.0,0,14,1,2026-03-21 16:28:50,74,2026-03-28 15:44:15,61
Pass1282!,Katherine,James,katherine.james@student.tamu.edu,0.0,1,30,1,2026-03-21 16:58:17,75,2026-04-10 16:05:30,99
Pass3085!,Timothy,Carter,timothy.carter@rice.edu,0.0,0,14,1,2026-03-24 15:15:09,76,2026-04-06 12:11:51,97
Pass8744!,Richard,Gonzalez,richard.gonzalez@houstonisd.org,0.0,0,14,1,2026-03-25 10:55:40,77,2026-04-13 12:09:23,87
Pass5905!,Sandra,Robinson,sandra.robinson@gmail.com,0.0,0,14,1,2026-03-25 13:08:59,78,2026-04-01 14:18:10,54
Pass2625!,Catherine,Sullivan,catherine.sullivan@houstonisd.org,0.0,0,14,1,2026-03-25 14:55:06,79,2026-04-08 09:46:09,25
Pass6967!,George,Campbell,george.campbell@hotmail.com,10.92,0,14,1,2026-03-26 14:05:52,80,2026-04-02 12:09:01,1
Pass6934!,Scott,Diaz,scott.diaz@edu.uh.edu,15.98,1,30,1,2026-03-27 15:28:58,54,2026-04-14 15:19:36,1
Pass3927!,John,Williams,john.williams@rice.edu,0.0,0,14,1,2026-03-29 10:59:24,82,2026-04-09 12:45:04,1
Pass3881!,Sharon,Collins,sharon.collins@hotmail.com,0.0,0,14,1,2026-03-29 12:31:14,61,2026-03-29 15:21:42,25
Pass6804!,Susan,Wilson,susan.wilson@edu.uh.edu,0.0,0,14,1,2026-03-30 09:38:20,54,2026-04-04 13:15:03,34
Pass3546!,Donald,Walker,donald.walker@yahoo.com,0.0,1,30,1,2026-03-30 13:39:51,85,2026-04-08 10:56:08,61
Pass8434!,Christine,Cruz,christine.cruz@protonmail.com,0.0,0,14,1,2026-03-31 09:29:05,86,2026-04-03 15:55:32,1
Pass9786!,Jessica,Thomas,jessica.thomas@hotmail.com,0.0,0,14,1,2026-03-31 11:16:33,87,2026-04-06 13:25:42,99
Pass2245!,Pamela,Howard,pamela.howard@hotmail.com,14.9,0,14,1,2026-03-31 13:44:08,54,2026-03-31 14:15:08,54
Pass9938!,Paul,Wright,paul.wright@outlook.com,0.0,0,14,1,2026-04-01 09:07:04,89,2026-04-03 11:27:08,1
Pass5088!,Andrew,Torres,andrew.torres@hotmail.com,0.0,1,30,1,2026-04-01 15:39:47,87,2026-04-03 11:56:26,1
Pass1993!,Joseph,Anderson,joseph.anderson@yahoo.com,0.0,0,14,1,2026-04-02 10:05:46,91,2026-04-10 11:08:42,54
Pass2124!,Anna,Bailey,anna.bailey@hotmail.com,0.0,0,14,1,2026-04-04 14:30:35,97,2026-04-15 14:22:44,54
Pass9288!,Margaret,Ramirez,margaret.ramirez@hotmail.com,6.81,0,14,1,2026-04-04 14:59:16,93,2026-04-09 12:16:25,87
Pass6107!,William,Rodriguez,william.rodriguez@hotmail.com,0.0,0,14,1,2026-04-04 15:23:14,87,2026-04-05 09:55:07,87
Pass7883!,Gary,Rivera,gary.rivera@hotmail.com,9.89,0,14,1,2026-04-05 12:06:44,95,2026-04-06 09:22:34,25
Pass1152!,Anthony,Clark,anthony.clark@yahoo.com,11.59,0,14,0,2026-04-06 10:43:55,34,2026-04-09 09:39:05,25
Pass5425!,Nicole,Richardson,nicole.richardson@rice.edu,15.49,0,14,1,2026-04-08 10:48:13,97,2026-04-09 11:15:11,97
Pass8238!,Ronald,Turner,ronald.turner@student.tamu.edu,0.0,0,14,1,2026-04-08 15:53:58,98,2026-04-10 16:28:16,34
Pass5061!,Barbara,Martinez,barbara.martinez@yahoo.com,0.0,0,14,1,2026-04-10 11:50:43,25,2026-04-13 15:38:29,97
Pass9595!,Debra,Price,debra.price@houstonisd.org,15.02,0,14,1,2026-04-10 16:48:03,100,2026-04-11 13:28:56,54
